layer_a,layer_b,observed_cka,null_mean,null_std,calibrated_cka,p_value,null_95th,n_permutations
0,0,0.9154262753171155,-0.0001680852374236707,0.0013327120182746548,687.0159104139233,0.0,0.0020256038231820698,200
15,27,0.8635769572422488,-2.9018939862017703e-05,0.001383786615189296,624.0889792563671,0.0,0.002482769113017511,200
3,3,0.8568459571462277,-0.00012416106673412205,0.0013461826456546814,636.592754318413,0.0,0.0022322832743017634,200
