file,method,train_loss,test_loss,explained_variance,d_source,d_target
layer_16_to_18_linear.npz,linear,0.709751777517746,1.1627934295644076,-0.35126872207067117,3072,2304
layer_16_to_18_low_rank_rank32.npz,low_rank,0.8935837958368009,1.0055086467168424,-0.01046729695772508,3072,2304
