phase,model_a,model_b,layer_a,layer_b,observed_cka,null_mean,null_std,p_value,effect_size,significant_p05
E,llama-3b,gemma-2b,16,18,0.17331321066668692,-0.00011672148642078459,0.0015131429677658096,0.0,114.61569451641505,True
E,llama-3b,gemma-2b,23,18,0.17011633753752076,-0.00018490289708845704,0.0015351520224329506,0.0,110.93444684697165,True
