phase,model_a,model_b,layer_a,layer_b,observed_cka,null_mean,null_std,p_value,effect_size,significant_p05
D,llama-3b,pythia-3b,16,31,0.1592200418955646,-6.220683301386048e-05,0.0014823936154234345,0.0,107.44936234974318,True
D,llama-3b,pythia-3b,23,31,0.1540072231008031,7.976191360570546e-05,0.0015299396079864647,0.0,100.61015505689109,True
