phase,model_a,model_b,layer_a,layer_b,observed_cka,null_mean,null_std,p_value,effect_size,null_95th,significant_p05,n_permutations,n_samples
A,llama,pythia,13,23,0.1900423852762344,-4.969156551652783e-05,0.0014098243190475094,0.0,134.83387559251278,0.0022870379900584285,True,200,1000
A,llama,pythia,15,23,0.15283670869098873,-9.348573021004486e-05,0.001339619837350514,0.0,114.1593981794585,0.0024165750483160853,True,200,1000
A,llama,pythia,11,23,0.18027310346981298,-3.4383378857011687e-05,0.001410800113866608,0.0,127.80512637931227,0.002410127803919945,True,200,1000
