phase,model_a,model_b,layer_a,layer_b,observed_cka,null_mean,null_std,p_value,effect_size,null_95th,significant_p05,n_permutations,n_samples
B,gemma-2b,qwen-1.5b,18,23,0.2163404364536888,-7.718005709762551e-05,0.001444832997265468,0.0,149.7872881643654,0.002403922314871767,True,200,1000
B,gemma-2b,qwen-1.5b,21,23,0.19590122503084745,-0.00010270736377631444,0.0014364599543084128,0.0,136.44928409368038,0.0023600682011580246,True,200,1000
B,gemma-2b,qwen-1.5b,15,23,0.1862760779606472,-8.255482830730821e-05,0.0013780067440312782,0.0,135.23782346940715,0.002228907674927056,True,200,1000
