phase,model_a,model_b,layer_a,layer_b,observed_cka,null_mean,null_std,p_value,effect_size,null_95th,significant_p05,n_permutations,n_samples
A,llama,pythia,13,23,0.1900423852762344,-4.969156551652783e-05,0.0014098243190475094,0.0,134.83387559251278,0.0022870379900584285,True,200,1000
A,llama,pythia,15,23,0.15283670869098873,-9.348573021004486e-05,0.001339619837350514,0.0,114.1593981794585,0.0024165750483160853,True,200,1000
A,llama,pythia,11,23,0.18027310346981298,-3.4383378857011687e-05,0.001410800113866608,0.0,127.80512637931227,0.002410127803919945,True,200,1000
B,gemma-2b,qwen-1.5b,18,23,0.2163404364536888,-7.718005709762551e-05,0.001444832997265468,0.0,149.7872881643654,0.002403922314871767,True,200,1000
B,gemma-2b,qwen-1.5b,21,23,0.19590122503084745,-0.00010270736377631444,0.0014364599543084128,0.0,136.44928409368038,0.0023600682011580246,True,200,1000
B,gemma-2b,qwen-1.5b,15,23,0.1862760779606472,-8.255482830730821e-05,0.0013780067440312782,0.0,135.23782346940715,0.002228907674927056,True,200,1000
